{
  "version": 1,
  "author": "Anonymous maker",
  "editor": "wokwi",
  "parts": [
    { "type": "wokwi-breadboard-half", "id": "bb1", "top": 160.2, "left": -170, "attrs": {} },
    { "type": "wokwi-arduino-uno", "id": "uno", "top": 144.6, "left": -461.4, "attrs": {} },
    {
      "type": "wokwi-pushbutton",
      "id": "btn1",
      "top": 230.3,
      "left": 32.3,
      "rotate": 90,
      "attrs": { "color": "black" }
    },
    {
      "type": "wokwi-pushbutton",
      "id": "btn2",
      "top": 230.3,
      "left": 89.9,
      "rotate": 90,
      "attrs": { "color": "black" }
    },
    {
      "type": "wokwi-resistor",
      "id": "r1",
      "top": 312,
      "left": 105.05,
      "rotate": 90,
      "attrs": { "value": "1000" }
    },
    {
      "type": "wokwi-resistor",
      "id": "r2",
      "top": 312,
      "left": 47.45,
      "rotate": 90,
      "attrs": { "value": "1000" }
    },
    {
      "type": "wokwi-rgb-led",
      "id": "rgb1",
      "top": 186.4,
      "left": -18.1,
      "attrs": { "common": "cathode" }
    },
    {
      "type": "wokwi-resistor",
      "id": "r3",
      "top": 264,
      "left": -38.95,
      "rotate": 90,
      "attrs": { "value": "220" }
    },
    {
      "type": "wokwi-resistor",
      "id": "r4",
      "top": 264,
      "left": -19.75,
      "rotate": 90,
      "attrs": { "value": "220" }
    },
    {
      "type": "wokwi-resistor",
      "id": "r5",
      "top": 264,
      "left": -10.15,
      "rotate": 90,
      "attrs": { "value": "220" }
    },
    {
      "type": "wokwi-led",
      "id": "led1",
      "top": 188.4,
      "left": -159.4,
      "attrs": { "color": "red" }
    },
    {
      "type": "wokwi-led",
      "id": "led2",
      "top": 188.4,
      "left": -130.6,
      "attrs": { "color": "yellow" }
    },
    {
      "type": "wokwi-led",
      "id": "led3",
      "top": 188.4,
      "left": -101.8,
      "attrs": { "color": "limegreen" }
    },
    {
      "type": "wokwi-led",
      "id": "led4",
      "top": 188.4,
      "left": -73,
      "attrs": { "color": "limegreen" }
    },
    {
      "type": "wokwi-resistor",
      "id": "r6",
      "top": 264,
      "left": -163.75,
      "rotate": 90,
      "attrs": { "value": "220" }
    },
    {
      "type": "wokwi-resistor",
      "id": "r7",
      "top": 264,
      "left": -134.95,
      "rotate": 90,
      "attrs": { "value": "220" }
    },
    {
      "type": "wokwi-resistor",
      "id": "r8",
      "top": 264,
      "left": -106.15,
      "rotate": 90,
      "attrs": { "value": "220" }
    },
    {
      "type": "wokwi-resistor",
      "id": "r9",
      "top": 264,
      "left": -77.35,
      "rotate": 90,
      "attrs": { "value": "220" }
    }
  ],
  "connections": [
    [ "bb1:30t.a", "uno:2", "green", [ "v-86.4", "h-364.8" ] ],
    [ "bb1:24t.a", "uno:3", "gold", [ "v-96", "h-307.2" ] ],
    [ "bb1:bn.13", "rgb1:COM", "black", [ "v0" ] ],
    [ "uno:5", "r4:2", "green", [ "v220.8", "h263" ] ],
    [ "r5:2", "uno:6", "blue", [ "h0", "v85.2", "h-278.4" ] ],
    [ "r3:2", "uno:7", "red", [ "h0", "v94.8", "h-268.8" ] ],
    [ "bb1:bn.1", "bb1:1t.d", "black", [ "v-1.3", "h-8", "v-115.2" ] ],
    [ "btn2:1.l", "bb1:30t.b", "", [ "$bb" ] ],
    [ "btn2:2.l", "bb1:28t.b", "", [ "$bb" ] ],
    [ "btn2:1.r", "bb1:30b.g", "", [ "$bb" ] ],
    [ "btn2:2.r", "bb1:28b.g", "", [ "$bb" ] ],
    [ "r1:1", "bb1:30b.g", "", [ "$bb" ] ],
    [ "r1:2", "bb1:bp.25", "", [ "$bb" ] ],
    [ "btn1:1.l", "bb1:24t.b", "", [ "$bb" ] ],
    [ "btn1:2.l", "bb1:22t.b", "", [ "$bb" ] ],
    [ "btn1:1.r", "bb1:24b.g", "", [ "$bb" ] ],
    [ "btn1:2.r", "bb1:22b.g", "", [ "$bb" ] ],
    [ "r2:1", "bb1:24b.g", "", [ "$bb" ] ],
    [ "r2:2", "bb1:bp.20", "", [ "$bb" ] ],
    [ "rgb1:R", "bb1:15t.c", "", [ "$bb" ] ],
    [ "rgb1:COM", "bb1:16t.d", "", [ "$bb" ] ],
    [ "rgb1:G", "bb1:17t.c", "", [ "$bb" ] ],
    [ "rgb1:B", "bb1:18t.c", "", [ "$bb" ] ],
    [ "r4:1", "bb1:17t.d", "", [ "$bb" ] ],
    [ "r4:2", "bb1:17b.h", "", [ "$bb" ] ],
    [ "r5:1", "bb1:18t.d", "", [ "$bb" ] ],
    [ "r5:2", "bb1:18b.h", "", [ "$bb" ] ],
    [ "led1:A", "bb1:2t.c", "", [ "$bb" ] ],
    [ "led1:C", "bb1:1t.c", "", [ "$bb" ] ],
    [ "led2:A", "bb1:5t.c", "", [ "$bb" ] ],
    [ "led2:C", "bb1:4t.c", "", [ "$bb" ] ],
    [ "led3:A", "bb1:8t.c", "", [ "$bb" ] ],
    [ "led3:C", "bb1:7t.c", "", [ "$bb" ] ],
    [ "r3:1", "bb1:15t.d", "", [ "$bb" ] ],
    [ "r3:2", "bb1:15b.h", "", [ "$bb" ] ],
    [ "r6:1", "bb1:2t.d", "", [ "$bb" ] ],
    [ "r6:2", "bb1:2b.h", "", [ "$bb" ] ],
    [ "r7:1", "bb1:5t.d", "", [ "$bb" ] ],
    [ "r7:2", "bb1:5b.h", "", [ "$bb" ] ],
    [ "r8:1", "bb1:8t.d", "", [ "$bb" ] ],
    [ "r8:2", "bb1:8b.h", "", [ "$bb" ] ],
    [ "r9:1", "bb1:11t.d", "", [ "$bb" ] ],
    [ "r9:2", "bb1:11b.h", "", [ "$bb" ] ],
    [ "bb1:4t.d", "bb1:bn.3", "black", [ "v0" ] ],
    [ "bb1:7t.d", "bb1:bn.6", "black", [ "v0" ] ],
    [ "led4:A", "bb1:11t.c", "", [ "$bb" ] ],
    [ "led4:C", "bb1:10t.c", "", [ "$bb" ] ],
    [ "bb1:10t.d", "bb1:bn.8", "black", [ "v0" ] ],
    [ "uno:8", "r6:2", "gray", [ "v259.2", "h163.6" ] ],
    [ "uno:9", "r7:2", "gray", [ "v268.8", "h173.6" ] ],
    [ "uno:10", "r8:2", "gray", [ "v278.4", "h144.7" ] ],
    [ "uno:11", "r9:2", "gray", [ "v288", "h58.2" ] ],
    [ "uno:GND.3", "bb1:bn.16", "black", [ "v115.1", "h311.2" ] ],
    [ "bb1:22b.h", "bb1:bn.18", "black", [ "v0" ] ],
    [ "bb1:28b.h", "bb1:bn.23", "black", [ "v0" ] ],
    [ "bb1:bp.17", "uno:3.3V", "red", [ "v114.3", "h-353.6" ] ]
  ],
  "dependencies": {}
}